<?xml version="1.0" encoding="UTF-8" ?>
<!DOCTYPE configuration
        PUBLIC "-//mybatis.org//DTD Config 3.0//EN"
        "http://mybatis.org/dtd/mybatis-3-config.dtd">
<configuration>
   <!-- <properties resource="jdbc.properties"/>-->
    <!-- 别名 -->
    <typeAliases>
        <package name="com.etjava.model"/>
    </typeAliases>
    <!-- 配置环境 例如 development开发环境-->
    <!--<environments default="development">
        <environment id="development">
            &lt;!&ndash; 事务管理 &ndash;&gt;
            <transactionManager type="JDBC"/>
            &lt;!&ndash; 数据源 POOLED连接池 &ndash;&gt;
            <dataSource type="POOLED">
                <property name="driver" value="${jdbc.driverClassName}"/>
                <property name="url" value="${jdbc.url}"/>
                <property name="username" value="${jdbc.username}"/>
                <property name="password" value="${jdbc.password}"/>
            </dataSource>
        </environment>
    </environments>-->
    <!-- 映射器 映射实体类与数据库SQL -->
   <!-- <mappers>
        <package name="com/etjava/mapper"/>
    </mappers>-->
</configuration>