<?xml version="1.0" encoding="UTF-8"?>
<beans xmlns="http://www.springframework.org/schema/beans"
       xmlns:xsi="http://www.w3.org/2001/XMLSchema-instance"
       xmlns:aop="http://www.springframework.org/schema/aop"
       xsi:schemaLocation="http://www.springframework.org/schema/beans
        https://www.springframework.org/schema/beans/spring-beans.xsd
        http://www.springframework.org/schema/aop
        https://www.springframework.org/schema/aop/spring-aop.xsd">

    <!---->

    <!--配置数据源  使用spring连接数据库 替换mybatis连接数据库
        这里使用spring提供的jdbc
        org.springframework.jdbc.datasource.DriverManagerDataSource
    -->
    <bean id="dataSource" class="org.springframework.jdbc.datasource.DriverManagerDataSource">
        <!--注入连接属性-->
        <property name="driverClassName" value="com.mysql.jdbc.Driver"/>
        <property name="url" value="jdbc:mysql://localhost:3306/db_mybatis?characterEncoding=utf-8"/>
        <property name="username" value="root"/>
        <property name="password" value="Karen@1234"/>
    </bean>

    <!--配置连接工厂  sqlSessionFactory-->
    <bean id="sqlSessionFactory" class="org.mybatis.spring.SqlSessionFactoryBean">
        <property name="dataSource" ref="dataSource" />
        <!--绑定mybatis配置文件-->
        <property name="configLocation" value="classpath:mybatis-config.xml"/>
        <!--配置mybatis的映射文件扫描-->
        <property name="mapperLocations" value="classpath*:com/etjava/mapper/**/*.xml"/>
    </bean>

    <!--注入sqlSession   SqlSessionTemplate是spring提供的 用来连接数据库-->
    <bean id="sqlSession" class="org.mybatis.spring.SqlSessionTemplate">
        <!--只能使用构造器方式注入-->
        <constructor-arg index="0" ref="sqlSessionFactory"/>
    </bean>
</beans>