<?xml version="1.0" encoding="UTF-8"?>
<beans xmlns="http://www.springframework.org/schema/beans"
       xmlns:xsi="http://www.w3.org/2001/XMLSchema-instance"
       xsi:schemaLocation="http://www.springframework.org/schema/beans
        https://www.springframework.org/schema/beans/spring-beans.xsd">


    <bean id="address" class="com.etjava.model.Address"/>

    <bean id="student" class="com.etjava.model.Student">
        <!--普通属性值注入 直接使用value赋值-->
        <property name="stuName" value="HCL"/>
        <!--对象注入 引用类型使用ref-->
        <property name="address" ref="address"/>
        <!--数组注入
            array 表示数组
            value 给数组赋值
        -->
        <property name="data">
            <array>
                <value>Tom</value>
                <value>Jerry</value>
                <value>Andy</value>
            </array>
        </property>
        <!--List注入
            与数组注入类似
            使用list标签
            value是给list赋值
        -->
        <property name="list">
            <list>
                <value>吃饭</value>
                <value>睡觉</value>
                <value>打豆豆</value>
            </list>
        </property>
        <!--Map注入
            使用map标签注入
            entry 表示注入值 key value形式
            description 添加这个map的描述信息
        -->
        <property name="map">
            <map>
                <description>这是map注入</description>
                <entry key="s1" value="Tom"/>
                <entry key="s2" value="Jerry"/>
                <entry key="s3" value="Andy"/>
            </map>
        </property>
        <!--Set注入-->
        <property name="set">
            <set>
                <value>Haily</value>
                <value>Judy</value>
                <value>Andy</value>
            </set>
        </property>
        <!--null值注入-->
        <property name="nullVal">
            <!--如果是空 直接value为空即可-->
            <!--<value></value>-->
            <!--如果为null 使用null标签即可-->
            <null/>
        </property>

        <!--
        properties属性的注入
        key是写在 prop标签里面的 value是在prop两个标签中间的
        与map不同  map都是写在entry标签里面的
        -->
        <property name="prop">
            <props>
                <prop key="jdbc.driver">com.mysql.jdbc.Driver</prop>
                <prop key="jdbc.url">http://localhost:3306/db_spring</prop>
            </props>
        </property>
    </bean>

</beans>