<?xml version="1.0" encoding="UTF-8"?>
<beans xmlns="http://www.springframework.org/schema/beans"
       xmlns:xsi="http://www.w3.org/2001/XMLSchema-instance"
       xmlns:aop="http://www.springframework.org/schema/aop"
       xmlns:tx="http://www.springframework.org/schema/tx"
       xsi:schemaLocation="http://www.springframework.org/schema/beans
        https://www.springframework.org/schema/beans/spring-beans.xsd
        http://www.springframework.org/schema/aop
        https://www.springframework.org/schema/aop/spring-aop.xsd
        http://www.springframework.org/schema/tx
        https://www.springframework.org/schema/tx/spring-tx.xsd">

    <!---->

    <!--配置数据源  使用spring连接数据库 替换mybatis连接数据库
        这里使用spring提供的jdbc
        org.springframework.jdbc.datasource.DriverManagerDataSource
    -->
    <bean id="dataSource" class="org.springframework.jdbc.datasource.DriverManagerDataSource">
        <!--注入连接属性-->
        <property name="driverClassName" value="com.mysql.jdbc.Driver"/>
        <property name="url" value="jdbc:mysql://localhost:3306/db_mybatis2?characterEncoding=utf-8"/>
        <property name="username" value="root"/>
        <property name="password" value="Karen@1234"/>
    </bean>

    <!--配置连接工厂  sqlSessionFactory-->
    <bean id="sqlSessionFactory" class="org.mybatis.spring.SqlSessionFactoryBean">
        <property name="dataSource" ref="dataSource" />
        <!--绑定mybatis配置文件-->
        <property name="configLocation" value="classpath:mybatis-config.xml"/>
        <!--配置mybatis的映射文件扫描-->
        <property name="mapperLocations" value="classpath*:com/etjava/mapper/**/*.xml"/>
    </bean>

    <!--注入sqlSession   SqlSessionTemplate是spring提供的 用来连接数据库-->
    <bean id="sqlSession" class="org.mybatis.spring.SqlSessionTemplate">
        <!--只能使用构造器方式注入-->
        <constructor-arg index="0" ref="sqlSessionFactory"/>
    </bean>

    <!--配置声明式事务-->
    <!--开启事务-->
    <bean id="transactionManager" class="org.springframework.jdbc.datasource.DataSourceTransactionManager">
        <constructor-arg ref="dataSource" />
    </bean>

    <!--AOP织入事务-->
    <!--配置事务的类 -->
    <tx:advice id="txAdvice" transaction-manager="transactionManager">
        <!--给哪些方法配置事务  *表示所有方法 propagation 配置事务的传播特性 REQUIRED表示必须的-->
        <!--
            spring中七种事务的传播特性
            REQUIRED 支持当前事务，如果当前没有事务就新建一个事务，这是Spring的默认选择
            SUPPORTS 支持当前事务 如果当前没有事务 就以非事务方法执行
            MANDATORY 支持当前事务 如果没有事务就抛出异常
            REQUIRES_NEW 新建事务 如果当前存在事务 则把当前事务挂起
            NOT_SUPPORTED 以非事务方式执行操作 如果当前存在事务 则把事务挂起
            NEVER 以非事务方式执行操作，如果存在事务在抛出异常
            NESTED 支持当前事务 如果事务存在则执行一个嵌套事务，如果不存在 就新建一个事务
        -->
        <tx:attributes>
            <tx:method name="add" propagation="REQUIRED"/>
            <tx:method name="delete" propagation="REQUIRED"/>
            <tx:method name="select" propagation="REQUIRED"/>
            <tx:method name="query" read-only="true"/>
            <tx:method name="*" propagation="REQUIRED"/>
        </tx:attributes>
    </tx:advice>
    <!--配置事务切入-->
    <aop:config>
        <!--定义切入点  mapper包下的所有类的所有方法都添加上述事务-->
        <aop:pointcut id="txPoint" expression="execution(* com.etjava.mapper.*.*(..))"/>
        <!--切入事务-->
        <aop:advisor advice-ref="txAdvice" pointcut-ref="txPoint"/>
    </aop:config>
</beans>